id_departamento,Rango_Etario,cantidad
02001,Entre 0 y 5 anios,12219
02001,Entre 6 y 11 anios,14886
02001,Entre 12 y 18 anios,14159
02001,Mayores de 19 anios,176725
02002,Entre 0 y 5 anios,6616
02002,Entre 6 y 11 anios,7503
02002,Entre 12 y 18 anios,7822
02002,Mayores de 19 anios,136080
02003,Entre 0 y 5 anios,9218
02003,Entre 6 y 11 anios,11820
02003,Entre 12 y 18 anios,12007
02003,Mayores de 19 anios,158140
02004,Entre 0 y 5 anios,13843
02004,Entre 6 y 11 anios,19242
02004,Entre 12 y 18 anios,18847
02004,Mayores de 19 anios,171792
02005,Entre 0 y 5 anios,8448
02005,Entre 6 y 11 anios,11151
02005,Entre 12 y 18 anios,11315
02005,Mayores de 19 anios,159356
02006,Entre 0 y 5 anios,9182
02006,Entre 6 y 11 anios,11819
02006,Entre 12 y 18 anios,12202
02006,Mayores de 19 anios,166412
02007,Entre 0 y 5 anios,10782
02007,Entre 6 y 11 anios,14705
02007,Entre 12 y 18 anios,15233
02007,Mayores de 19 anios,169837
02008,Entre 0 y 5 anios,14568
02008,Entre 6 y 11 anios,20231
02008,Entre 12 y 18 anios,20465
02008,Mayores de 19 anios,145275
02009,Entre 0 y 5 anios,8573
02009,Entre 6 y 11 anios,12293
02009,Entre 12 y 18 anios,13462
02009,Mayores de 19 anios,131259
02010,Entre 0 y 5 anios,8255
02010,Entre 6 y 11 anios,11227
02010,Entre 12 y 18 anios,12227
02010,Mayores de 19 anios,138101
02011,Entre 0 y 5 anios,9308
02011,Entre 6 y 11 anios,12673
02011,Entre 12 y 18 anios,13696
02011,Mayores de 19 anios,163757
02012,Entre 0 y 5 anios,11942
02012,Entre 6 y 11 anios,14758
02012,Entre 12 y 18 anios,14564
02012,Mayores de 19 anios,191597
02013,Entre 0 y 5 anios,12057
02013,Entre 6 y 11 anios,15147
02013,Entre 12 y 18 anios,15861
02013,Mayores de 19 anios,216188
02014,Entre 0 y 5 anios,10915
02014,Entre 6 y 11 anios,12462
02014,Entre 12 y 18 anios,12414
02014,Mayores de 19 anios,208469
02015,Entre 0 y 5 anios,9388
02015,Entre 6 y 11 anios,12072
02015,Entre 12 y 18 anios,12150
02015,Mayores de 19 anios,159498
06007,Entre 0 y 5 anios,1292
06007,Entre 6 y 11 anios,1463
06007,Entre 12 y 18 anios,1462
06007,Mayores de 19 anios,12918
06014,Entre 0 y 5 anios,950
06014,Entre 6 y 11 anios,1184
06014,Entre 12 y 18 anios,1204
06014,Mayores de 19 anios,9326
06021,Entre 0 y 5 anios,904
06021,Entre 6 y 11 anios,1166
06021,Entre 12 y 18 anios,1222
06021,Mayores de 19 anios,9426
06028,Entre 0 y 5 anios,43762
06028,Entre 6 y 11 anios,58015
06028,Entre 12 y 18 anios,58563
06028,Mayores de 19 anios,413307
06035,Entre 0 y 5 anios,22784
06035,Entre 6 y 11 anios,31635
06035,Entre 12 y 18 anios,32280
06035,Mayores de 19 anios,273775
06042,Entre 0 y 5 anios,1699
06042,Entre 6 y 11 anios,2051
06042,Entre 12 y 18 anios,2217
06042,Mayores de 19 anios,15466
06049,Entre 0 y 5 anios,5390
06049,Entre 6 y 11 anios,7022
06049,Entre 12 y 18 anios,7110
06049,Mayores de 19 anios,54477
06056,Entre 0 y 5 anios,22621
06056,Entre 6 y 11 anios,29136
06056,Entre 12 y 18 anios,28181
06056,Mayores de 19 anios,249194
06063,Entre 0 y 5 anios,3638
06063,Entre 6 y 11 anios,4356
06063,Entre 12 y 18 anios,4265
06063,Mayores de 19 anios,35540
06070,Entre 0 y 5 anios,3225
06070,Entre 6 y 11 anios,3706
06070,Entre 12 y 18 anios,3863
06070,Mayores de 19 anios,27808
06077,Entre 0 y 5 anios,2644
06077,Entre 6 y 11 anios,3046
06077,Entre 12 y 18 anios,2972
06077,Mayores de 19 anios,22930
06084,Entre 0 y 5 anios,1608
06084,Entre 6 y 11 anios,1912
06084,Entre 12 y 18 anios,2071
06084,Mayores de 19 anios,15285
06091,Entre 0 y 5 anios,25806
06091,Entre 6 y 11 anios,35310
06091,Entre 12 y 18 anios,35813
06091,Mayores de 19 anios,255593
06098,Entre 0 y 5 anios,7704
06098,Entre 6 y 11 anios,10089
06098,Entre 12 y 18 anios,9796
06098,Mayores de 19 anios,71480
06105,Entre 0 y 5 anios,2830
06105,Entre 6 y 11 anios,3296
06105,Entre 12 y 18 anios,3284
06105,Mayores de 19 anios,27301
06112,Entre 0 y 5 anios,3360
06112,Entre 6 y 11 anios,4108
06112,Entre 12 y 18 anios,4278
06112,Mayores de 19 anios,33857
06119,Entre 0 y 5 anios,2588
06119,Entre 6 y 11 anios,3406
06119,Entre 12 y 18 anios,3522
06119,Mayores de 19 anios,22255
06126,Entre 0 y 5 anios,8120
06126,Entre 6 y 11 anios,10711
06126,Entre 12 y 18 anios,10932
06126,Mayores de 19 anios,76423
06134,Entre 0 y 5 anios,6225
06134,Entre 6 y 11 anios,8115
06134,Entre 12 y 18 anios,7727
06134,Mayores de 19 anios,47282
06140,Entre 0 y 5 anios,1180
06140,Entre 6 y 11 anios,1468
06140,Entre 12 y 18 anios,1475
06140,Mayores de 19 anios,11548
06147,Entre 0 y 5 anios,1731
06147,Entre 6 y 11 anios,2127
06147,Entre 12 y 18 anios,2160
06147,Mayores de 19 anios,16573
06154,Entre 0 y 5 anios,1107
06154,Entre 6 y 11 anios,1331
06154,Entre 12 y 18 anios,1282
06154,Mayores de 19 anios,10077
06161,Entre 0 y 5 anios,1443
06161,Entre 6 y 11 anios,1627
06161,Entre 12 y 18 anios,1736
06161,Mayores de 19 anios,12266
06168,Entre 0 y 5 anios,760
06168,Entre 6 y 11 anios,888
06168,Entre 12 y 18 anios,871
06168,Mayores de 19 anios,6874
06175,Entre 0 y 5 anios,2014
06175,Entre 6 y 11 anios,2418
06175,Entre 12 y 18 anios,2582
06175,Mayores de 19 anios,19980
06182,Entre 0 y 5 anios,4705
06182,Entre 6 y 11 anios,6284
06182,Entre 12 y 18 anios,6426
06182,Mayores de 19 anios,47341
06189,Entre 0 y 5 anios,1131
06189,Entre 6 y 11 anios,1368
06189,Entre 12 y 18 anios,1471
06189,Mayores de 19 anios,11637
06196,Entre 0 y 5 anios,1890
06196,Entre 6 y 11 anios,2404
06196,Entre 12 y 18 anios,2207
06196,Mayores de 19 anios,17263
06203,Entre 0 y 5 anios,2881
06203,Entre 6 y 11 anios,3775
06203,Entre 12 y 18 anios,3647
06203,Mayores de 19 anios,30877
06210,Entre 0 y 5 anios,3518
06210,Entre 6 y 11 anios,4504
06210,Entre 12 y 18 anios,4851
06210,Mayores de 19 anios,38736
06218,Entre 0 y 5 anios,3167
06218,Entre 6 y 11 anios,4228
06218,Entre 12 y 18 anios,4344
06218,Mayores de 19 anios,29825
06224,Entre 0 y 5 anios,4906
06224,Entre 6 y 11 anios,6129
06224,Entre 12 y 18 anios,6490
06224,Mayores de 19 anios,51988
06231,Entre 0 y 5 anios,1395
06231,Entre 6 y 11 anios,1704
06231,Entre 12 y 18 anios,1827
06231,Mayores de 19 anios,13119
06238,Entre 0 y 5 anios,2569
06238,Entre 6 y 11 anios,2888
06238,Entre 12 y 18 anios,3018
06238,Mayores de 19 anios,22469
06245,Entre 0 y 5 anios,4917
06245,Entre 6 y 11 anios,6608
06245,Entre 12 y 18 anios,6677
06245,Mayores de 19 anios,44625
06252,Entre 0 y 5 anios,21900
06252,Entre 6 y 11 anios,27457
06252,Entre 12 y 18 anios,26051
06252,Mayores de 19 anios,176474
06260,Entre 0 y 5 anios,27670
06260,Entre 6 y 11 anios,35257
06260,Entre 12 y 18 anios,34376
06260,Mayores de 19 anios,234857
06266,Entre 0 y 5 anios,3424
06266,Entre 6 y 11 anios,4195
06266,Entre 12 y 18 anios,3943
06266,Mayores de 19 anios,27832
06270,Entre 0 y 5 anios,17155
06270,Entre 6 y 11 anios,21962
06270,Entre 12 y 18 anios,21255
06270,Mayores de 19 anios,134761
06274,Entre 0 y 5 anios,44663
06274,Entre 6 y 11 anios,55183
06274,Entre 12 y 18 anios,53050
06274,Mayores de 19 anios,326559
06277,Entre 0 y 5 anios,876
06277,Entre 6 y 11 anios,1070
06277,Entre 12 y 18 anios,1155
06277,Mayores de 19 anios,7501
06280,Entre 0 y 5 anios,3570
06280,Entre 6 y 11 anios,4115
06280,Entre 12 y 18 anios,4199
06280,Mayores de 19 anios,32661
06287,Entre 0 y 5 anios,758
06287,Entre 6 y 11 anios,968
06287,Entre 12 y 18 anios,931
06287,Mayores de 19 anios,7343
06294,Entre 0 y 5 anios,1212
06294,Entre 6 y 11 anios,1331
06294,Entre 12 y 18 anios,1361
06294,Mayores de 19 anios,12080
06301,Entre 0 y 5 anios,1618
06301,Entre 6 y 11 anios,1957
06301,Entre 12 y 18 anios,1906
06301,Mayores de 19 anios,14891
06308,Entre 0 y 5 anios,236
06308,Entre 6 y 11 anios,285
06308,Entre 12 y 18 anios,322
06308,Mayores de 19 anios,2279
06315,Entre 0 y 5 anios,1548
06315,Entre 6 y 11 anios,2191
06315,Entre 12 y 18 anios,2443
06315,Mayores de 19 anios,16006
06322,Entre 0 y 5 anios,866
06322,Entre 6 y 11 anios,1083
06322,Entre 12 y 18 anios,1010
06322,Mayores de 19 anios,8426
06329,Entre 0 y 5 anios,1466
06329,Entre 6 y 11 anios,1773
06329,Entre 12 y 18 anios,1811
06329,Mayores de 19 anios,12637
06336,Entre 0 y 5 anios,419
06336,Entre 6 y 11 anios,549
06336,Entre 12 y 18 anios,523
06336,Mayores de 19 anios,3298
06343,Entre 0 y 5 anios,1095
06343,Entre 6 y 11 anios,1495
06343,Entre 12 y 18 anios,1388
06343,Mayores de 19 anios,9951
06351,Entre 0 y 5 anios,1104
06351,Entre 6 y 11 anios,1131
06351,Entre 12 y 18 anios,1166
06351,Mayores de 19 anios,9242
06357,Entre 0 y 5 anios,41427
06357,Entre 6 y 11 anios,53294
06357,Entre 12 y 18 anios,56683
06357,Mayores de 19 anios,498847
06364,Entre 0 y 5 anios,14137
06364,Entre 6 y 11 anios,18024
06364,Entre 12 y 18 anios,16181
06364,Mayores de 19 anios,91510
06371,Entre 0 y 5 anios,28038
06371,Entre 6 y 11 anios,38161
06371,Entre 12 y 18 anios,39283
06371,Mayores de 19 anios,332292
06385,Entre 0 y 5 anios,1801
06385,Entre 6 y 11 anios,2208
06385,Entre 12 y 18 anios,2007
06385,Mayores de 19 anios,16152
06392,Entre 0 y 5 anios,2797
06392,Entre 6 y 11 anios,3412
06392,Entre 12 y 18 anios,3505
06392,Mayores de 19 anios,24824
06399,Entre 0 y 5 anios,822
06399,Entre 6 y 11 anios,1028
06399,Entre 12 y 18 anios,1033
06399,Mayores de 19 anios,8588
06406,Entre 0 y 5 anios,789
06406,Entre 6 y 11 anios,919
06406,Entre 12 y 18 anios,1008
06406,Mayores de 19 anios,7717
06408,Entre 0 y 5 anios,11620
06408,Entre 6 y 11 anios,16075
06408,Entre 12 y 18 anios,16703
06408,Mayores de 19 anios,138124
06410,Entre 0 y 5 anios,10707
06410,Entre 6 y 11 anios,15026
06410,Entre 12 y 18 anios,16006
06410,Mayores de 19 anios,133580
06412,Entre 0 y 5 anios,29597
06412,Entre 6 y 11 anios,36232
06412,Entre 12 y 18 anios,34625
06412,Mayores de 19 anios,220600
06413,Entre 0 y 5 anios,7543
06413,Entre 6 y 11 anios,8925
06413,Entre 12 y 18 anios,8854
06413,Mayores de 19 anios,74260
06420,Entre 0 y 5 anios,7455
06420,Entre 6 y 11 anios,9744
06420,Entre 12 y 18 anios,10067
06420,Mayores de 19 anios,71509
06427,Entre 0 y 5 anios,157034
06427,Entre 6 y 11 anios,193043
06427,Entre 12 y 18 anios,184423
06427,Mayores de 19 anios,1273050
06434,Entre 0 y 5 anios,28133
06434,Entre 6 y 11 anios,37841
06434,Entre 12 y 18 anios,39732
06434,Mayores de 19 anios,347587
06441,Entre 0 y 5 anios,52075
06441,Entre 6 y 11 anios,66893
06441,Entre 12 y 18 anios,65622
06441,Mayores de 19 anios,558675
06448,Entre 0 y 5 anios,901
06448,Entre 6 y 11 anios,1175
06448,Entre 12 y 18 anios,1188
06448,Mayores de 19 anios,8077
06455,Entre 0 y 5 anios,1982
06455,Entre 6 y 11 anios,2355
06455,Entre 12 y 18 anios,2520
06455,Mayores de 19 anios,19840
06462,Entre 0 y 5 anios,1361
06462,Entre 6 y 11 anios,1585
06462,Entre 12 y 18 anios,1672
06462,Mayores de 19 anios,12254
06466,Entre 0 y 5 anios,443
06466,Entre 6 y 11 anios,546
06466,Entre 12 y 18 anios,564
06466,Mayores de 19 anios,4518
06469,Entre 0 y 5 anios,3480
06469,Entre 6 y 11 anios,4008
06469,Entre 12 y 18 anios,4164
06469,Mayores de 19 anios,32957
06476,Entre 0 y 5 anios,1302
06476,Entre 6 y 11 anios,1606
06476,Entre 12 y 18 anios,1646
06476,Mayores de 19 anios,13301
06483,Entre 0 y 5 anios,3294
06483,Entre 6 y 11 anios,3961
06483,Entre 12 y 18 anios,4077
06483,Mayores de 19 anios,29421
06490,Entre 0 y 5 anios,50825
06490,Entre 6 y 11 anios,65571
06490,Entre 12 y 18 anios,65827
06490,Mayores de 19 anios,492595
06497,Entre 0 y 5 anios,8352
06497,Entre 6 y 11 anios,10571
06497,Entre 12 y 18 anios,10397
06497,Mayores de 19 anios,79030
06505,Entre 0 y 5 anios,1935
06505,Entre 6 y 11 anios,2352
06505,Entre 12 y 18 anios,2299
06505,Mayores de 19 anios,15690
06511,Entre 0 y 5 anios,861
06511,Entre 6 y 11 anios,1058
06511,Entre 12 y 18 anios,1020
06511,Mayores de 19 anios,8163
06515,Entre 0 y 5 anios,25943
06515,Entre 6 y 11 anios,34313
06515,Entre 12 y 18 anios,35116
06515,Mayores de 19 anios,248180
06518,Entre 0 y 5 anios,2519
06518,Entre 6 y 11 anios,3085
06518,Entre 12 y 18 anios,3090
06518,Mayores de 19 anios,23788
06525,Entre 0 y 5 anios,5973
06525,Entre 6 y 11 anios,7274
06525,Entre 12 y 18 anios,7274
06525,Mayores de 19 anios,43163
06532,Entre 0 y 5 anios,5457
06532,Entre 6 y 11 anios,6743
06532,Entre 12 y 18 anios,6718
06532,Mayores de 19 anios,50910
06539,Entre 0 y 5 anios,48007
06539,Entre 6 y 11 anios,61148
06539,Entre 12 y 18 anios,60384
06539,Mayores de 19 anios,402218
06547,Entre 0 y 5 anios,1922
06547,Entre 6 y 11 anios,2558
06547,Entre 12 y 18 anios,2479
06547,Mayores de 19 anios,17283
06553,Entre 0 y 5 anios,596
06553,Entre 6 y 11 anios,810
06553,Entre 12 y 18 anios,786
06553,Mayores de 19 anios,6124
06560,Entre 0 y 5 anios,50791
06560,Entre 6 y 11 anios,65328
06560,Entre 12 y 18 anios,61696
06560,Mayores de 19 anios,388251
06568,Entre 0 y 5 anios,18044
06568,Entre 6 y 11 anios,24608
06568,Entre 12 y 18 anios,26309
06568,Mayores de 19 anios,256109
06574,Entre 0 y 5 anios,1501
06574,Entre 6 y 11 anios,1995
06574,Entre 12 y 18 anios,2088
06574,Mayores de 19 anios,13964
06581,Entre 0 y 5 anios,6914
06581,Entre 6 y 11 anios,9031
06581,Entre 12 y 18 anios,9308
06581,Mayores de 19 anios,74677
06588,Entre 0 y 5 anios,3963
06588,Entre 6 y 11 anios,4895
06588,Entre 12 y 18 anios,5105
06588,Mayores de 19 anios,37574
06595,Entre 0 y 5 anios,8554
06595,Entre 6 y 11 anios,11123
06595,Entre 12 y 18 anios,11482
06595,Mayores de 19 anios,88876
06602,Entre 0 y 5 anios,2857
06602,Entre 6 y 11 anios,3677
06602,Entre 12 y 18 anios,3419
06602,Mayores de 19 anios,27045
06609,Entre 0 y 5 anios,3474
06609,Entre 6 y 11 anios,4099
06609,Entre 12 y 18 anios,4412
06609,Mayores de 19 anios,32009
06616,Entre 0 y 5 anios,662
06616,Entre 6 y 11 anios,719
06616,Entre 12 y 18 anios,621
06616,Mayores de 19 anios,5009
06623,Entre 0 y 5 anios,8676
06623,Entre 6 y 11 anios,10471
06623,Entre 12 y 18 anios,10572
06623,Mayores de 19 anios,83659
06630,Entre 0 y 5 anios,408
06630,Entre 6 y 11 anios,511
06630,Entre 12 y 18 anios,442
06630,Mayores de 19 anios,3174
06638,Entre 0 y 5 anios,34493
06638,Entre 6 y 11 anios,42505
06638,Entre 12 y 18 anios,42147
06638,Mayores de 19 anios,267649
06644,Entre 0 y 5 anios,3043
06644,Entre 6 y 11 anios,3865
06644,Entre 12 y 18 anios,4033
06644,Mayores de 19 anios,27683
06648,Entre 0 y 5 anios,10170
06648,Entre 6 y 11 anios,12302
06648,Entre 12 y 18 anios,12031
06648,Mayores de 19 anios,65618
06651,Entre 0 y 5 anios,998
06651,Entre 6 y 11 anios,1236
06651,Entre 12 y 18 anios,1261
06651,Mayores de 19 anios,12702
06655,Entre 0 y 5 anios,936
06655,Entre 6 y 11 anios,1193
06655,Entre 12 y 18 anios,1064
06655,Mayores de 19 anios,8794
06658,Entre 0 y 5 anios,47353
06658,Entre 6 y 11 anios,60261
06658,Entre 12 y 18 anios,60966
06658,Mayores de 19 anios,453455
06665,Entre 0 y 5 anios,3451
06665,Entre 6 y 11 anios,4031
06665,Entre 12 y 18 anios,4116
06665,Mayores de 19 anios,27402
06672,Entre 0 y 5 anios,1197
06672,Entre 6 y 11 anios,1501
06672,Entre 12 y 18 anios,1569
06672,Mayores de 19 anios,12014
06679,Entre 0 y 5 anios,1734
06679,Entre 6 y 11 anios,2000
06679,Entre 12 y 18 anios,1919
06679,Mayores de 19 anios,13811
06686,Entre 0 y 5 anios,1851
06686,Entre 6 y 11 anios,2284
06686,Entre 12 y 18 anios,2424
06686,Mayores de 19 anios,18682
06693,Entre 0 y 5 anios,1104
06693,Entre 6 y 11 anios,1342
06693,Entre 12 y 18 anios,1352
06693,Mayores de 19 anios,9909
06700,Entre 0 y 5 anios,1436
06700,Entre 6 y 11 anios,1822
06700,Entre 12 y 18 anios,1817
06700,Mayores de 19 anios,16063
06707,Entre 0 y 5 anios,2716
06707,Entre 6 y 11 anios,3213
06707,Entre 12 y 18 anios,3393
06707,Mayores de 19 anios,25583
06714,Entre 0 y 5 anios,3175
06714,Entre 6 y 11 anios,3725
06714,Entre 12 y 18 anios,3895
06714,Mayores de 19 anios,27883
06721,Entre 0 y 5 anios,653
06721,Entre 6 y 11 anios,818
06721,Entre 12 y 18 anios,871
06721,Mayores de 19 anios,6882
06728,Entre 0 y 5 anios,2151
06728,Entre 6 y 11 anios,2599
06728,Entre 12 y 18 anios,2588
06728,Mayores de 19 anios,18634
06735,Entre 0 y 5 anios,2120
06735,Entre 6 y 11 anios,2443
06735,Entre 12 y 18 anios,2552
06735,Mayores de 19 anios,19133
06742,Entre 0 y 5 anios,615
06742,Entre 6 y 11 anios,731
06742,Entre 12 y 18 anios,777
06742,Mayores de 19 anios,6691
06749,Entre 0 y 5 anios,11498
06749,Entre 6 y 11 anios,15307
06749,Entre 12 y 18 anios,15396
06749,Mayores de 19 anios,126240
06756,Entre 0 y 5 anios,17057
06756,Entre 6 y 11 anios,22338
06756,Entre 12 y 18 anios,24711
06756,Mayores de 19 anios,227546
06760,Entre 0 y 5 anios,24752
06760,Entre 6 y 11 anios,31904
06760,Entre 12 y 18 anios,30659
06760,Mayores de 19 anios,235210
06763,Entre 0 y 5 anios,12727
06763,Entre 6 y 11 anios,15253
06763,Entre 12 y 18 anios,15389
06763,Mayores de 19 anios,120860
06770,Entre 0 y 5 anios,5781
06770,Entre 6 y 11 anios,7116
06770,Entre 12 y 18 anios,7075
06770,Mayores de 19 anios,47176
06778,Entre 0 y 5 anios,9859
06778,Entre 6 y 11 anios,12095
06778,Entre 12 y 18 anios,11192
06778,Mayores de 19 anios,63086
06784,Entre 0 y 5 anios,981
06784,Entre 6 y 11 anios,1157
06784,Entre 12 y 18 anios,1241
06784,Mayores de 19 anios,8170
06791,Entre 0 y 5 anios,9785
06791,Entre 6 y 11 anios,12620
06791,Entre 12 y 18 anios,12661
06791,Mayores de 19 anios,107286
06798,Entre 0 y 5 anios,873
06798,Entre 6 y 11 anios,971
06798,Entre 12 y 18 anios,1043
06798,Mayores de 19 anios,7638
06805,Entre 0 y 5 anios,32611
06805,Entre 6 y 11 anios,44078
06805,Entre 12 y 18 anios,45768
06805,Mayores de 19 anios,316318
06812,Entre 0 y 5 anios,244
06812,Entre 6 y 11 anios,259
06812,Entre 12 y 18 anios,221
06812,Mayores de 19 anios,1755
06819,Entre 0 y 5 anios,997
06819,Entre 6 y 11 anios,1351
06819,Entre 12 y 18 anios,1223
06819,Mayores de 19 anios,10807
06826,Entre 0 y 5 anios,4016
06826,Entre 6 y 11 anios,4578
06826,Entre 12 y 18 anios,4539
06826,Mayores de 19 anios,35344
06833,Entre 0 y 5 anios,4260
06833,Entre 6 y 11 anios,5501
06833,Entre 12 y 18 anios,5498
06833,Mayores de 19 anios,45845
06840,Entre 0 y 5 anios,21166
06840,Entre 6 y 11 anios,28750
06840,Entre 12 y 18 anios,29762
06840,Mayores de 19 anios,277367
06847,Entre 0 y 5 anios,682
06847,Entre 6 y 11 anios,834
06847,Entre 12 y 18 anios,857
06847,Mayores de 19 anios,6588
06854,Entre 0 y 5 anios,2706
06854,Entre 6 y 11 anios,3189
06854,Entre 12 y 18 anios,3305
06854,Mayores de 19 anios,25734
06861,Entre 0 y 5 anios,14893
06861,Entre 6 y 11 anios,19249
06861,Entre 12 y 18 anios,21024
06861,Mayores de 19 anios,221726
06868,Entre 0 y 5 anios,2583
06868,Entre 6 y 11 anios,3608
06868,Entre 12 y 18 anios,3914
06868,Mayores de 19 anios,26674
06875,Entre 0 y 5 anios,2586
06875,Entre 6 y 11 anios,3167
06875,Entre 12 y 18 anios,3277
06875,Mayores de 19 anios,23001
06882,Entre 0 y 5 anios,9976
06882,Entre 6 y 11 anios,13121
06882,Entre 12 y 18 anios,13453
06882,Mayores de 19 anios,92708
10007,Entre 0 y 5 anios,374
10007,Entre 6 y 11 anios,365
10007,Entre 12 y 18 anios,403
10007,Mayores de 19 anios,3873
10014,Entre 0 y 5 anios,243
10014,Entre 6 y 11 anios,286
10014,Entre 12 y 18 anios,326
10014,Mayores de 19 anios,2383
10021,Entre 0 y 5 anios,1535
10021,Entre 6 y 11 anios,1720
10021,Entre 12 y 18 anios,2024
10021,Mayores de 19 anios,13922
10028,Entre 0 y 5 anios,142
10028,Entre 6 y 11 anios,203
10028,Entre 12 y 18 anios,180
10028,Mayores de 19 anios,1265
10035,Entre 0 y 5 anios,2482
10035,Entre 6 y 11 anios,2993
10035,Entre 12 y 18 anios,3358
10035,Mayores de 19 anios,21008
10042,Entre 0 y 5 anios,1697
10042,Entre 6 y 11 anios,1892
10042,Entre 12 y 18 anios,2038
10042,Mayores de 19 anios,13487
10049,Entre 0 y 5 anios,14250
10049,Entre 6 y 11 anios,17212
10049,Entre 12 y 18 anios,17421
10049,Mayores de 19 anios,134540
10056,Entre 0 y 5 anios,394
10056,Entre 6 y 11 anios,448
10056,Entre 12 y 18 anios,471
10056,Mayores de 19 anios,2979
10063,Entre 0 y 5 anios,1207
10063,Entre 6 y 11 anios,1424
10063,Entre 12 y 18 anios,1372
10063,Mayores de 19 anios,10369
10070,Entre 0 y 5 anios,2352
10070,Entre 6 y 11 anios,2725
10070,Entre 12 y 18 anios,2805
10070,Mayores de 19 anios,17999
10077,Entre 0 y 5 anios,317
10077,Entre 6 y 11 anios,429
10077,Entre 12 y 18 anios,439
10077,Mayores de 19 anios,3417
10084,Entre 0 y 5 anios,988
10084,Entre 6 y 11 anios,1243
10084,Entre 12 y 18 anios,1353
10084,Mayores de 19 anios,8430
10091,Entre 0 y 5 anios,2179
10091,Entre 6 y 11 anios,2579
10091,Entre 12 y 18 anios,2605
10091,Mayores de 19 anios,19026
10098,Entre 0 y 5 anios,1154
10098,Entre 6 y 11 anios,1288
10098,Entre 12 y 18 anios,1350
10098,Mayores de 19 anios,9326
10105,Entre 0 y 5 anios,2024
10105,Entre 6 y 11 anios,2400
10105,Entre 12 y 18 anios,2639
10105,Mayores de 19 anios,17762
10112,Entre 0 y 5 anios,2667
10112,Entre 6 y 11 anios,3303
10112,Entre 12 y 18 anios,3329
10112,Mayores de 19 anios,24076
14007,Entre 0 y 5 anios,5902
14007,Entre 6 y 11 anios,7284
14007,Entre 12 y 18 anios,7165
14007,Mayores de 19 anios,53982
14014,Entre 0 y 5 anios,105777
14014,Entre 6 y 11 anios,127379
14014,Entre 12 y 18 anios,128338
14014,Mayores de 19 anios,1110306
14021,Entre 0 y 5 anios,24253
14021,Entre 6 y 11 anios,29932
14021,Entre 12 y 18 anios,29632
14021,Mayores de 19 anios,205826
14028,Entre 0 y 5 anios,5650
14028,Entre 6 y 11 anios,6501
14028,Entre 12 y 18 anios,6411
14028,Mayores de 19 anios,45150
14035,Entre 0 y 5 anios,2905
14035,Entre 6 y 11 anios,3263
14035,Entre 12 y 18 anios,3421
14035,Mayores de 19 anios,25993
14042,Entre 0 y 5 anios,12494
14042,Entre 6 y 11 anios,14299
14042,Entre 12 y 18 anios,13876
14042,Mayores de 19 anios,109485
14049,Entre 0 y 5 anios,3125
14049,Entre 6 y 11 anios,3562
14049,Entre 12 y 18 anios,3833
14049,Mayores de 19 anios,24880
14056,Entre 0 y 5 anios,5605
14056,Entre 6 y 11 anios,6415
14056,Entre 12 y 18 anios,6369
14056,Mayores de 19 anios,48913
14063,Entre 0 y 5 anios,7791
14063,Entre 6 y 11 anios,9153
14063,Entre 12 y 18 anios,9167
14063,Mayores de 19 anios,79768
14070,Entre 0 y 5 anios,371
14070,Entre 6 y 11 anios,424
14070,Entre 12 y 18 anios,459
14070,Mayores de 19 anios,3531
14077,Entre 0 y 5 anios,377
14077,Entre 6 y 11 anios,399
14077,Entre 12 y 18 anios,471
14077,Mayores de 19 anios,3750
14084,Entre 0 y 5 anios,2907
14084,Entre 6 y 11 anios,3515
14084,Entre 12 y 18 anios,3539
14084,Mayores de 19 anios,26988
14091,Entre 0 y 5 anios,15214
14091,Entre 6 y 11 anios,19630
14091,Entre 12 y 18 anios,19914
14091,Mayores de 19 anios,161339
14098,Entre 0 y 5 anios,21670
14098,Entre 6 y 11 anios,24667
14098,Entre 12 y 18 anios,24383
14098,Mayores de 19 anios,203215
14105,Entre 0 y 5 anios,5303
14105,Entre 6 y 11 anios,5663
14105,Entre 12 y 18 anios,5648
14105,Mayores de 19 anios,40577
14112,Entre 0 y 5 anios,1324
14112,Entre 6 y 11 anios,1591
14112,Entre 12 y 18 anios,1682
14112,Mayores de 19 anios,10442
14119,Entre 0 y 5 anios,8823
14119,Entre 6 y 11 anios,10379
14119,Entre 12 y 18 anios,10404
14119,Mayores de 19 anios,82010
14126,Entre 0 y 5 anios,3328
14126,Entre 6 y 11 anios,3968
14126,Entre 12 y 18 anios,4003
14126,Mayores de 19 anios,30077
14133,Entre 0 y 5 anios,4809
14133,Entre 6 y 11 anios,6034
14133,Entre 12 y 18 anios,5909
14133,Mayores de 19 anios,45010
14140,Entre 0 y 5 anios,17737
14140,Entre 6 y 11 anios,20783
14140,Entre 12 y 18 anios,21468
14140,Mayores de 19 anios,165572
14147,Entre 0 y 5 anios,12002
14147,Entre 6 y 11 anios,14361
14147,Entre 12 y 18 anios,13444
14147,Mayores de 19 anios,97035
14154,Entre 0 y 5 anios,345
14154,Entre 6 y 11 anios,401
14154,Entre 12 y 18 anios,460
14154,Mayores de 19 anios,3094
14161,Entre 0 y 5 anios,9114
14161,Entre 6 y 11 anios,10870
14161,Entre 12 y 18 anios,10670
14161,Mayores de 19 anios,87818
14168,Entre 0 y 5 anios,1943
14168,Entre 6 y 11 anios,2217
14168,Entre 12 y 18 anios,2276
14168,Mayores de 19 anios,15643
14175,Entre 0 y 5 anios,1158
14175,Entre 6 y 11 anios,1209
14175,Entre 12 y 18 anios,1282
14175,Mayores de 19 anios,10218
14182,Entre 0 y 5 anios,8748
14182,Entre 6 y 11 anios,10277
14182,Entre 12 y 18 anios,10411
14182,Mayores de 19 anios,82538
18007,Entre 0 y 5 anios,4397
18007,Entre 6 y 11 anios,4808
18007,Entre 12 y 18 anios,4429
18007,Mayores de 19 anios,30025
18014,Entre 0 y 5 anios,231
18014,Entre 6 y 11 anios,265
18014,Entre 12 y 18 anios,282
18014,Mayores de 19 anios,1988
18021,Entre 0 y 5 anios,35160
18021,Entre 6 y 11 anios,40888
18021,Entre 12 y 18 anios,40072
18021,Mayores de 19 anios,313719
18028,Entre 0 y 5 anios,2791
18028,Entre 6 y 11 anios,3184
18028,Entre 12 y 18 anios,3113
18028,Mayores de 19 anios,16613
18035,Entre 0 y 5 anios,4649
18035,Entre 6 y 11 anios,5255
18035,Entre 12 y 18 anios,5300
18035,Mayores de 19 anios,35361
18042,Entre 0 y 5 anios,1574
18042,Entre 6 y 11 anios,1754
18042,Entre 12 y 18 anios,1759
18042,Mayores de 19 anios,12538
18049,Entre 0 y 5 anios,3662
18049,Entre 6 y 11 anios,4138
18049,Entre 12 y 18 anios,4222
18049,Mayores de 19 anios,26441
18056,Entre 0 y 5 anios,873
18056,Entre 6 y 11 anios,896
18056,Entre 12 y 18 anios,978
18056,Mayores de 19 anios,6156
18063,Entre 0 y 5 anios,1425
18063,Entre 6 y 11 anios,1615
18063,Entre 12 y 18 anios,1653
18063,Mayores de 19 anios,12039
18070,Entre 0 y 5 anios,9035
18070,Entre 6 y 11 anios,10905
18070,Entre 12 y 18 anios,10981
18070,Mayores de 19 anios,73439
18077,Entre 0 y 5 anios,1136
18077,Entre 6 y 11 anios,1276
18077,Entre 12 y 18 anios,1153
18077,Mayores de 19 anios,8155
18084,Entre 0 y 5 anios,3816
18084,Entre 6 y 11 anios,4200
18084,Entre 12 y 18 anios,4058
18084,Mayores de 19 anios,26000
18091,Entre 0 y 5 anios,4432
18091,Entre 6 y 11 anios,4752
18091,Entre 12 y 18 anios,4407
18091,Mayores de 19 anios,26045
18098,Entre 0 y 5 anios,1002
18098,Entre 6 y 11 anios,1108
18098,Entre 12 y 18 anios,1245
18098,Mayores de 19 anios,7992
18105,Entre 0 y 5 anios,4965
18105,Entre 6 y 11 anios,5266
18105,Entre 12 y 18 anios,4722
18105,Mayores de 19 anios,34040
18112,Entre 0 y 5 anios,4116
18112,Entre 6 y 11 anios,4648
18112,Entre 12 y 18 anios,4524
18112,Mayores de 19 anios,31566
18119,Entre 0 y 5 anios,5442
18119,Entre 6 y 11 anios,6353
18119,Entre 12 y 18 anios,6441
18119,Mayores de 19 anios,37480
18126,Entre 0 y 5 anios,2703
18126,Entre 6 y 11 anios,3024
18126,Entre 12 y 18 anios,3136
18126,Mayores de 19 anios,19723
18133,Entre 0 y 5 anios,1633
18133,Entre 6 y 11 anios,1882
18133,Entre 12 y 18 anios,1732
18133,Mayores de 19 anios,14147
18140,Entre 0 y 5 anios,1862
18140,Entre 6 y 11 anios,2025
18140,Entre 12 y 18 anios,2117
18140,Mayores de 19 anios,14998
18147,Entre 0 y 5 anios,1512
18147,Entre 6 y 11 anios,1702
18147,Entre 12 y 18 anios,1679
18147,Mayores de 19 anios,9978
18154,Entre 0 y 5 anios,1287
18154,Entre 6 y 11 anios,1498
18154,Entre 12 y 18 anios,1469
18154,Mayores de 19 anios,8175
18161,Entre 0 y 5 anios,2171
18161,Entre 6 y 11 anios,2315
18161,Entre 12 y 18 anios,2356
18161,Mayores de 19 anios,15429
18168,Entre 0 y 5 anios,6984
18168,Entre 6 y 11 anios,8046
18168,Entre 12 y 18 anios,7758
18168,Mayores de 19 anios,47759
18175,Entre 0 y 5 anios,922
18175,Entre 6 y 11 anios,1061
18175,Entre 12 y 18 anios,1125
18175,Mayores de 19 anios,7095
22007,Entre 0 y 5 anios,4089
22007,Entre 6 y 11 anios,4305
22007,Entre 12 y 18 anios,4587
22007,Mayores de 19 anios,24012
22014,Entre 0 y 5 anios,2560
22014,Entre 6 y 11 anios,2968
22014,Entre 12 y 18 anios,2767
22014,Mayores de 19 anios,19276
22021,Entre 0 y 5 anios,8579
22021,Entre 6 y 11 anios,10417
22021,Entre 12 y 18 anios,10518
22021,Mayores de 19 anios,69609
22028,Entre 0 y 5 anios,3114
22028,Entre 6 y 11 anios,3571
22028,Entre 12 y 18 anios,3204
22028,Mayores de 19 anios,24071
22036,Entre 0 y 5 anios,2262
22036,Entre 6 y 11 anios,2450
22036,Entre 12 y 18 anios,2340
22036,Mayores de 19 anios,15743
22039,Entre 0 y 5 anios,745
22039,Entre 6 y 11 anios,783
22039,Entre 12 y 18 anios,731
22039,Mayores de 19 anios,5902
22043,Entre 0 y 5 anios,968
22043,Entre 6 y 11 anios,1106
22043,Entre 12 y 18 anios,1070
22043,Mayores de 19 anios,7331
22049,Entre 0 y 5 anios,1411
22049,Entre 6 y 11 anios,1466
22049,Entre 12 y 18 anios,1426
22049,Mayores de 19 anios,8228
22056,Entre 0 y 5 anios,1285
22056,Entre 6 y 11 anios,1538
22056,Entre 12 y 18 anios,1482
22056,Mayores de 19 anios,10469
22063,Entre 0 y 5 anios,6921
22063,Entre 6 y 11 anios,8259
22063,Entre 12 y 18 anios,7442
22063,Mayores de 19 anios,44457
22070,Entre 0 y 5 anios,2318
22070,Entre 6 y 11 anios,2577
22070,Entre 12 y 18 anios,2787
22070,Mayores de 19 anios,13834
22077,Entre 0 y 5 anios,1282
22077,Entre 6 y 11 anios,1476
22077,Entre 12 y 18 anios,1315
22077,Mayores de 19 anios,9454
22084,Entre 0 y 5 anios,6514
22084,Entre 6 y 11 anios,7273
22084,Entre 12 y 18 anios,6801
22084,Mayores de 19 anios,43481
22091,Entre 0 y 5 anios,2701
22091,Entre 6 y 11 anios,3024
22091,Entre 12 y 18 anios,2692
22091,Mayores de 19 anios,17409
22098,Entre 0 y 5 anios,5880
22098,Entre 6 y 11 anios,6579
22098,Entre 12 y 18 anios,5957
22098,Mayores de 19 anios,40446
22105,Entre 0 y 5 anios,2987
22105,Entre 6 y 11 anios,3073
22105,Entre 12 y 18 anios,3055
22105,Mayores de 19 anios,20611
22112,Entre 0 y 5 anios,2090
22112,Entre 6 y 11 anios,2597
22112,Entre 12 y 18 anios,2592
22112,Mayores de 19 anios,13861
22119,Entre 0 y 5 anios,1353
22119,Entre 6 y 11 anios,1578
22119,Entre 12 y 18 anios,1527
22119,Mayores de 19 anios,9222
22126,Entre 0 y 5 anios,1360
22126,Entre 6 y 11 anios,1577
22126,Entre 12 y 18 anios,1255
22126,Mayores de 19 anios,9833
22133,Entre 0 y 5 anios,3168
22133,Entre 6 y 11 anios,3266
22133,Entre 12 y 18 anios,3467
22133,Mayores de 19 anios,21904
22140,Entre 0 y 5 anios,31821
22140,Entre 6 y 11 anios,38963
22140,Entre 12 y 18 anios,36811
22140,Mayores de 19 anios,299638
22147,Entre 0 y 5 anios,1707
22147,Entre 6 y 11 anios,1818
22147,Entre 12 y 18 anios,1693
22147,Mayores de 19 anios,10525
22154,Entre 0 y 5 anios,1769
22154,Entre 6 y 11 anios,1978
22154,Entre 12 y 18 anios,1866
22154,Mayores de 19 anios,12729
22161,Entre 0 y 5 anios,394
22161,Entre 6 y 11 anios,437
22161,Entre 12 y 18 anios,432
22161,Mayores de 19 anios,2710
22168,Entre 0 y 5 anios,3301
22168,Entre 6 y 11 anios,3902
22168,Entre 12 y 18 anios,3842
22168,Mayores de 19 anios,20974
26007,Entre 0 y 5 anios,8111
26007,Entre 6 y 11 anios,10375
26007,Entre 12 y 18 anios,10720
26007,Mayores de 19 anios,72044
26014,Entre 0 y 5 anios,2022
26014,Entre 6 y 11 anios,2754
26014,Entre 12 y 18 anios,2779
26014,Mayores de 19 anios,20151
26021,Entre 0 y 5 anios,16668
26021,Entre 6 y 11 anios,21521
26021,Entre 12 y 18 anios,20916
26021,Mayores de 19 anios,152699
26028,Entre 0 y 5 anios,175
26028,Entre 6 y 11 anios,189
26028,Entre 12 y 18 anios,166
26028,Mayores de 19 anios,1229
26035,Entre 0 y 5 anios,3522
26035,Entre 6 y 11 anios,4856
26035,Entre 12 y 18 anios,4864
26035,Mayores de 19 anios,36085
26042,Entre 0 y 5 anios,998
26042,Entre 6 y 11 anios,1179
26042,Entre 12 y 18 anios,1263
26042,Mayores de 19 anios,8867
26049,Entre 0 y 5 anios,83
26049,Entre 6 y 11 anios,90
26049,Entre 12 y 18 anios,106
26049,Mayores de 19 anios,893
26056,Entre 0 y 5 anios,236
26056,Entre 6 y 11 anios,257
26056,Entre 12 y 18 anios,278
26056,Mayores de 19 anios,2060
26063,Entre 0 y 5 anios,64
26063,Entre 6 y 11 anios,60
26063,Entre 12 y 18 anios,63
26063,Mayores de 19 anios,552
26070,Entre 0 y 5 anios,137
26070,Entre 6 y 11 anios,160
26070,Entre 12 y 18 anios,148
26070,Mayores de 19 anios,1407
26077,Entre 0 y 5 anios,10491
26077,Entre 6 y 11 anios,13418
26077,Entre 12 y 18 anios,13605
26077,Mayores de 19 anios,104861
26084,Entre 0 y 5 anios,565
26084,Entre 6 y 11 anios,638
26084,Entre 12 y 18 anios,569
26084,Mayores de 19 anios,4519
26091,Entre 0 y 5 anios,1344
26091,Entre 6 y 11 anios,1701
26091,Entre 12 y 18 anios,1568
26091,Mayores de 19 anios,9628
26098,Entre 0 y 5 anios,464
26098,Entre 6 y 11 anios,643
26098,Entre 12 y 18 anios,573
26098,Mayores de 19 anios,4183
26105,Entre 0 y 5 anios,117
26105,Entre 6 y 11 anios,144
26105,Entre 12 y 18 anios,149
26105,Mayores de 19 anios,1173
30008,Entre 0 y 5 anios,5907
30008,Entre 6 y 11 anios,6990
30008,Entre 12 y 18 anios,6838
30008,Mayores de 19 anios,54080
30015,Entre 0 y 5 anios,17901
30015,Entre 6 y 11 anios,21468
30015,Entre 12 y 18 anios,19978
30015,Mayores de 19 anios,135032
30021,Entre 0 y 5 anios,3847
30021,Entre 6 y 11 anios,4458
30021,Entre 12 y 18 anios,4408
30021,Mayores de 19 anios,38845
30028,Entre 0 y 5 anios,6876
30028,Entre 6 y 11 anios,7982
30028,Entre 12 y 18 anios,7519
30028,Mayores de 19 anios,54700
30035,Entre 0 y 5 anios,2629
30035,Entre 6 y 11 anios,2860
30035,Entre 12 y 18 anios,2770
30035,Mayores de 19 anios,20696
30042,Entre 0 y 5 anios,1461
30042,Entre 6 y 11 anios,1726
30042,Entre 12 y 18 anios,1739
30042,Mayores de 19 anios,11502
30049,Entre 0 y 5 anios,4529
30049,Entre 6 y 11 anios,5466
30049,Entre 12 y 18 anios,5306
30049,Mayores de 19 anios,40621
30056,Entre 0 y 5 anios,9410
30056,Entre 6 y 11 anios,11769
30056,Entre 12 y 18 anios,11863
30056,Mayores de 19 anios,90338
30063,Entre 0 y 5 anios,1271
30063,Entre 6 y 11 anios,1534
30063,Entre 12 y 18 anios,1474
30063,Mayores de 19 anios,9432
30070,Entre 0 y 5 anios,6549
30070,Entre 6 y 11 anios,7842
30070,Entre 12 y 18 anios,7468
30070,Mayores de 19 anios,52118
30077,Entre 0 y 5 anios,3364
30077,Entre 6 y 11 anios,4082
30077,Entre 12 y 18 anios,3958
30077,Mayores de 19 anios,30898
30084,Entre 0 y 5 anios,27975
30084,Entre 6 y 11 anios,35139
30084,Entre 12 y 18 anios,33841
30084,Mayores de 19 anios,285758
30088,Entre 0 y 5 anios,1743
30088,Entre 6 y 11 anios,2142
30088,Entre 12 y 18 anios,2168
30088,Mayores de 19 anios,14386
30091,Entre 0 y 5 anios,2477
30091,Entre 6 y 11 anios,3068
30091,Entre 12 y 18 anios,3040
30091,Mayores de 19 anios,22050
30098,Entre 0 y 5 anios,8632
30098,Entre 6 y 11 anios,10712
30098,Entre 12 y 18 anios,10867
30098,Mayores de 19 anios,83352
30105,Entre 0 y 5 anios,3123
30105,Entre 6 y 11 anios,3601
30105,Entre 12 y 18 anios,3681
30105,Mayores de 19 anios,29290
30113,Entre 0 y 5 anios,4679
30113,Entre 6 y 11 anios,5389
30113,Entre 12 y 18 anios,5369
30113,Mayores de 19 anios,38902
34007,Entre 0 y 5 anios,1763
34007,Entre 6 y 11 anios,2028
34007,Entre 12 y 18 anios,1909
34007,Mayores de 19 anios,9602
34014,Entre 0 y 5 anios,21127
34014,Entre 6 y 11 anios,26493
34014,Entre 12 y 18 anios,26197
34014,Mayores de 19 anios,190300
34021,Entre 0 y 5 anios,1725
34021,Entre 6 y 11 anios,2095
34021,Entre 12 y 18 anios,2249
34021,Mayores de 19 anios,12824
34028,Entre 0 y 5 anios,1918
34028,Entre 6 y 11 anios,2143
34028,Entre 12 y 18 anios,2126
34028,Mayores de 19 anios,10536
34035,Entre 0 y 5 anios,8070
34035,Entre 6 y 11 anios,9940
34035,Entre 12 y 18 anios,8967
34035,Mayores de 19 anios,53190
34042,Entre 0 y 5 anios,1864
34042,Entre 6 y 11 anios,2181
34042,Entre 12 y 18 anios,2140
34042,Mayores de 19 anios,12577
34049,Entre 0 y 5 anios,8934
34049,Entre 6 y 11 anios,10260
34049,Entre 12 y 18 anios,9499
34049,Mayores de 19 anios,63846
34056,Entre 0 y 5 anios,6830
34056,Entre 6 y 11 anios,8111
34056,Entre 12 y 18 anios,7924
34056,Mayores de 19 anios,48373
34063,Entre 0 y 5 anios,2421
34063,Entre 6 y 11 anios,2783
34063,Entre 12 y 18 anios,2594
34063,Mayores de 19 anios,9440
38007,Entre 0 y 5 anios,1322
38007,Entre 6 y 11 anios,1685
38007,Entre 12 y 18 anios,1809
38007,Mayores de 19 anios,9892
38014,Entre 0 y 5 anios,11018
38014,Entre 6 y 11 anios,13356
38014,Entre 12 y 18 anios,13130
38014,Mayores de 19 anios,82666
38021,Entre 0 y 5 anios,23048
38021,Entre 6 y 11 anios,31256
38021,Entre 12 y 18 anios,30158
38021,Mayores de 19 anios,230277
38028,Entre 0 y 5 anios,1752
38028,Entre 6 y 11 anios,2442
38028,Entre 12 y 18 anios,2406
38028,Mayores de 19 anios,13867
38035,Entre 0 y 5 anios,8147
38035,Entre 6 y 11 anios,9746
38035,Entre 12 y 18 anios,9741
38035,Mayores de 19 anios,64969
38042,Entre 0 y 5 anios,4800
38042,Entre 6 y 11 anios,6551
38042,Entre 12 y 18 anios,6623
38042,Mayores de 19 anios,46540
38049,Entre 0 y 5 anios,170
38049,Entre 6 y 11 anios,241
38049,Entre 12 y 18 anios,203
38049,Mayores de 19 anios,1148
38056,Entre 0 y 5 anios,539
38056,Entre 6 y 11 anios,699
38056,Entre 12 y 18 anios,642
38056,Mayores de 19 anios,4753
38063,Entre 0 y 5 anios,7205
38063,Entre 6 y 11 anios,9254
38063,Entre 12 y 18 anios,8666
38063,Mayores de 19 anios,61747
38070,Entre 0 y 5 anios,1905
38070,Entre 6 y 11 anios,2399
38070,Entre 12 y 18 anios,2226
38070,Mayores de 19 anios,13592
38077,Entre 0 y 5 anios,282
38077,Entre 6 y 11 anios,302
38077,Entre 12 y 18 anios,312
38077,Mayores de 19 anios,1705
38084,Entre 0 y 5 anios,439
38084,Entre 6 y 11 anios,527
38084,Entre 12 y 18 anios,483
38084,Mayores de 19 anios,2440
38094,Entre 0 y 5 anios,1063
38094,Entre 6 y 11 anios,1549
38094,Entre 12 y 18 anios,1568
38094,Mayores de 19 anios,10206
38098,Entre 0 y 5 anios,375
38098,Entre 6 y 11 anios,534
38098,Entre 12 y 18 anios,486
38098,Mayores de 19 anios,3824
38105,Entre 0 y 5 anios,194
38105,Entre 6 y 11 anios,276
38105,Entre 12 y 18 anios,291
38105,Mayores de 19 anios,1691
38112,Entre 0 y 5 anios,2367
38112,Entre 6 y 11 anios,2773
38112,Entre 12 y 18 anios,2856
38112,Mayores de 19 anios,17419
42007,Entre 0 y 5 anios,769
42007,Entre 6 y 11 anios,980
42007,Entre 12 y 18 anios,1013
42007,Mayores de 19 anios,8136
42014,Entre 0 y 5 anios,194
42014,Entre 6 y 11 anios,272
42014,Entre 12 y 18 anios,308
42014,Mayores de 19 anios,1809
42021,Entre 0 y 5 anios,8258
42021,Entre 6 y 11 anios,11128
42021,Entre 12 y 18 anios,10975
42021,Mayores de 19 anios,86417
42028,Entre 0 y 5 anios,648
42028,Entre 6 y 11 anios,880
42028,Entre 12 y 18 anios,812
42028,Mayores de 19 anios,5764
42035,Entre 0 y 5 anios,1023
42035,Entre 6 y 11 anios,1345
42035,Entre 12 y 18 anios,1268
42035,Mayores de 19 anios,11277
42042,Entre 0 y 5 anios,99
42042,Entre 6 y 11 anios,100
42042,Entre 12 y 18 anios,106
42042,Mayores de 19 anios,789
42049,Entre 0 y 5 anios,201
42049,Entre 6 y 11 anios,305
42049,Entre 12 y 18 anios,284
42049,Mayores de 19 anios,2043
42056,Entre 0 y 5 anios,960
42056,Entre 6 y 11 anios,1149
42056,Entre 12 y 18 anios,1200
42056,Mayores de 19 anios,8828
42063,Entre 0 y 5 anios,110
42063,Entre 6 y 11 anios,150
42063,Entre 12 y 18 anios,165
42063,Mayores de 19 anios,1008
42070,Entre 0 y 5 anios,690
42070,Entre 6 y 11 anios,756
42070,Entre 12 y 18 anios,834
42070,Mayores de 19 anios,6986
42077,Entre 0 y 5 anios,486
42077,Entre 6 y 11 anios,590
42077,Entre 12 y 18 anios,628
42077,Mayores de 19 anios,5917
42084,Entre 0 y 5 anios,39
42084,Entre 6 y 11 anios,46
42084,Entre 12 y 18 anios,45
42084,Mayores de 19 anios,293
42091,Entre 0 y 5 anios,33
42091,Entre 6 y 11 anios,42
42091,Entre 12 y 18 anios,23
42091,Mayores de 19 anios,310
42098,Entre 0 y 5 anios,647
42098,Entre 6 y 11 anios,835
42098,Entre 12 y 18 anios,903
42098,Mayores de 19 anios,6745
42105,Entre 0 y 5 anios,5292
42105,Entre 6 y 11 anios,6549
42105,Entre 12 y 18 anios,6383
42105,Mayores de 19 anios,49808
42112,Entre 0 y 5 anios,1095
42112,Entre 6 y 11 anios,1350
42112,Entre 12 y 18 anios,1226
42112,Mayores de 19 anios,7787
42119,Entre 0 y 5 anios,600
42119,Entre 6 y 11 anios,699
42119,Entre 12 y 18 anios,823
42119,Mayores de 19 anios,6172
42126,Entre 0 y 5 anios,853
42126,Entre 6 y 11 anios,1070
42126,Entre 12 y 18 anios,1183
42126,Mayores de 19 anios,7792
42133,Entre 0 y 5 anios,1232
42133,Entre 6 y 11 anios,1651
42133,Entre 12 y 18 anios,1716
42133,Mayores de 19 anios,12528
42140,Entre 0 y 5 anios,1540
42140,Entre 6 y 11 anios,2073
42140,Entre 12 y 18 anios,1901
42140,Mayores de 19 anios,12178
42147,Entre 0 y 5 anios,435
42147,Entre 6 y 11 anios,506
42147,Entre 12 y 18 anios,501
42147,Mayores de 19 anios,4127
42154,Entre 0 y 5 anios,1321
42154,Entre 6 y 11 anios,1797
42154,Entre 12 y 18 anios,1746
42154,Mayores de 19 anios,12613
46007,Entre 0 y 5 anios,1353
46007,Entre 6 y 11 anios,1645
46007,Entre 12 y 18 anios,1594
46007,Mayores de 19 anios,11390
46014,Entre 0 y 5 anios,15697
46014,Entre 6 y 11 anios,19946
46014,Entre 12 y 18 anios,20151
46014,Mayores de 19 anios,150984
46021,Entre 0 y 5 anios,409
46021,Entre 6 y 11 anios,538
46021,Entre 12 y 18 anios,510
46021,Mayores de 19 anios,4264
46028,Entre 0 y 5 anios,829
46028,Entre 6 y 11 anios,1078
46028,Entre 12 y 18 anios,1024
46028,Mayores de 19 anios,8292
46035,Entre 0 y 5 anios,1307
46035,Entre 6 y 11 anios,1360
46035,Entre 12 y 18 anios,1420
46035,Mayores de 19 anios,11262
46042,Entre 0 y 5 anios,4579
46042,Entre 6 y 11 anios,6019
46042,Entre 12 y 18 anios,6444
46042,Mayores de 19 anios,40662
46049,Entre 0 y 5 anios,479
46049,Entre 6 y 11 anios,664
46049,Entre 12 y 18 anios,676
46049,Mayores de 19 anios,5037
46056,Entre 0 y 5 anios,255
46056,Entre 6 y 11 anios,333
46056,Entre 12 y 18 anios,315
46056,Mayores de 19 anios,2241
46063,Entre 0 y 5 anios,621
46063,Entre 6 y 11 anios,677
46063,Entre 12 y 18 anios,715
46063,Mayores de 19 anios,5482
46070,Entre 0 y 5 anios,337
46070,Entre 6 y 11 anios,362
46070,Entre 12 y 18 anios,388
46070,Mayores de 19 anios,2853
46077,Entre 0 y 5 anios,158
46077,Entre 6 y 11 anios,164
46077,Entre 12 y 18 anios,184
46077,Mayores de 19 anios,1349
46084,Entre 0 y 5 anios,567
46084,Entre 6 y 11 anios,656
46084,Entre 12 y 18 anios,682
46084,Mayores de 19 anios,5319
46091,Entre 0 y 5 anios,394
46091,Entre 6 y 11 anios,538
46091,Entre 12 y 18 anios,575
46091,Mayores de 19 anios,3430
46098,Entre 0 y 5 anios,224
46098,Entre 6 y 11 anios,246
46098,Entre 12 y 18 anios,257
46098,Mayores de 19 anios,1920
46105,Entre 0 y 5 anios,209
46105,Entre 6 y 11 anios,241
46105,Entre 12 y 18 anios,275
46105,Mayores de 19 anios,1642
46112,Entre 0 y 5 anios,1310
46112,Entre 6 y 11 anios,1652
46112,Entre 12 y 18 anios,1585
46112,Mayores de 19 anios,10938
46119,Entre 0 y 5 anios,345
46119,Entre 6 y 11 anios,429
46119,Entre 12 y 18 anios,437
46119,Mayores de 19 anios,3038
46126,Entre 0 y 5 anios,230
46126,Entre 6 y 11 anios,317
46126,Entre 12 y 18 anios,266
46126,Mayores de 19 anios,2133
50007,Entre 0 y 5 anios,8283
50007,Entre 6 y 11 anios,9891
50007,Entre 12 y 18 anios,9566
50007,Mayores de 19 anios,94475
50014,Entre 0 y 5 anios,4069
50014,Entre 6 y 11 anios,5385
50014,Entre 12 y 18 anios,5020
50014,Mayores de 19 anios,37204
50021,Entre 0 y 5 anios,13392
50021,Entre 6 y 11 anios,16942
50021,Entre 12 y 18 anios,16949
50021,Mayores de 19 anios,144626
50028,Entre 0 y 5 anios,25349
50028,Entre 6 y 11 anios,31776
50028,Entre 12 y 18 anios,30408
50028,Mayores de 19 anios,228728
50035,Entre 0 y 5 anios,3662
50035,Entre 6 y 11 anios,4550
50035,Entre 12 y 18 anios,4372
50035,Mayores de 19 anios,33192
50042,Entre 0 y 5 anios,1018
50042,Entre 6 y 11 anios,1305
50042,Entre 12 y 18 anios,1143
50042,Mayores de 19 anios,8393
50049,Entre 0 y 5 anios,19700
50049,Entre 6 y 11 anios,24827
50049,Entre 12 y 18 anios,24319
50049,Mayores de 19 anios,161462
50056,Entre 0 y 5 anios,4526
50056,Entre 6 y 11 anios,5749
50056,Entre 12 y 18 anios,5268
50056,Mayores de 19 anios,30867
50063,Entre 0 y 5 anios,13914
50063,Entre 6 y 11 anios,17898
50063,Entre 12 y 18 anios,17722
50063,Mayores de 19 anios,119684
50070,Entre 0 y 5 anios,18163
50070,Entre 6 y 11 anios,22679
50070,Entre 12 y 18 anios,22043
50070,Mayores de 19 anios,152754
50077,Entre 0 y 5 anios,2811
50077,Entre 6 y 11 anios,3700
50077,Entre 12 y 18 anios,3576
50077,Mayores de 19 anios,22014
50084,Entre 0 y 5 anios,5261
50084,Entre 6 y 11 anios,6608
50084,Entre 12 y 18 anios,6224
50084,Mayores de 19 anios,44609
50091,Entre 0 y 5 anios,3475
50091,Entre 6 y 11 anios,4334
50091,Entre 12 y 18 anios,4214
50091,Mayores de 19 anios,27150
50098,Entre 0 y 5 anios,11642
50098,Entre 6 y 11 anios,14861
50098,Entre 12 y 18 anios,13665
50098,Mayores de 19 anios,97245
50105,Entre 0 y 5 anios,17237
50105,Entre 6 y 11 anios,21325
50105,Entre 12 y 18 anios,20280
50105,Mayores de 19 anios,151253
50112,Entre 0 y 5 anios,1765
50112,Entre 6 y 11 anios,2143
50112,Entre 12 y 18 anios,1963
50112,Mayores de 19 anios,13208
50119,Entre 0 y 5 anios,5158
50119,Entre 6 y 11 anios,6688
50119,Entre 12 y 18 anios,6381
50119,Mayores de 19 anios,40828
50126,Entre 0 y 5 anios,3810
50126,Entre 6 y 11 anios,4851
50126,Entre 12 y 18 anios,4627
50126,Mayores de 19 anios,27192
54007,Entre 0 y 5 anios,5262
54007,Entre 6 y 11 anios,5788
54007,Entre 12 y 18 anios,5554
54007,Mayores de 19 anios,33005
54014,Entre 0 y 5 anios,6425
54014,Entre 6 y 11 anios,7497
54014,Entre 12 y 18 anios,6980
54014,Mayores de 19 anios,37922
54021,Entre 0 y 5 anios,3758
54021,Entre 6 y 11 anios,4296
54021,Entre 12 y 18 anios,3959
54021,Mayores de 19 anios,22271
54028,Entre 0 y 5 anios,33142
54028,Entre 6 y 11 anios,40783
54028,Entre 12 y 18 anios,37968
54028,Mayores de 19 anios,273200
54035,Entre 0 y 5 anios,1087
54035,Entre 6 y 11 anios,1156
54035,Entre 12 y 18 anios,1172
54035,Mayores de 19 anios,6680
54042,Entre 0 y 5 anios,8721
54042,Entre 6 y 11 anios,10328
54042,Entre 12 y 18 anios,9950
54042,Mayores de 19 anios,60677
54049,Entre 0 y 5 anios,5458
54049,Entre 6 y 11 anios,5949
54049,Entre 12 y 18 anios,5294
54049,Mayores de 19 anios,27911
54056,Entre 0 y 5 anios,8802
54056,Entre 6 y 11 anios,9732
54056,Entre 12 y 18 anios,9092
54056,Mayores de 19 anios,48004
54063,Entre 0 y 5 anios,10641
54063,Entre 6 y 11 anios,12219
54063,Entre 12 y 18 anios,11305
54063,Mayores de 19 anios,63978
54070,Entre 0 y 5 anios,4430
54070,Entre 6 y 11 anios,5235
54070,Entre 12 y 18 anios,4978
54070,Mayores de 19 anios,34000
54077,Entre 0 y 5 anios,5227
54077,Entre 6 y 11 anios,5931
54077,Entre 12 y 18 anios,5614
54077,Mayores de 19 anios,34487
54084,Entre 0 y 5 anios,3674
54084,Entre 6 y 11 anios,4579
54084,Entre 12 y 18 anios,4293
54084,Mayores de 19 anios,25375
54091,Entre 0 y 5 anios,11680
54091,Entre 6 y 11 anios,13783
54091,Entre 12 y 18 anios,12769
54091,Mayores de 19 anios,80343
54098,Entre 0 y 5 anios,6498
54098,Entre 6 y 11 anios,7468
54098,Entre 12 y 18 anios,6811
54098,Mayores de 19 anios,41310
54105,Entre 0 y 5 anios,2346
54105,Entre 6 y 11 anios,2808
54105,Entre 12 y 18 anios,2587
54105,Mayores de 19 anios,14970
54112,Entre 0 y 5 anios,4462
54112,Entre 6 y 11 anios,4904
54112,Entre 12 y 18 anios,4347
54112,Mayores de 19 anios,20340
54119,Entre 0 y 5 anios,3369
54119,Entre 6 y 11 anios,3671
54119,Entre 12 y 18 anios,3397
54119,Mayores de 19 anios,19934
58007,Entre 0 y 5 anios,878
58007,Entre 6 y 11 anios,1032
58007,Entre 12 y 18 anios,1041
58007,Mayores de 19 anios,7066
58014,Entre 0 y 5 anios,1908
58014,Entre 6 y 11 anios,2170
58014,Entre 12 y 18 anios,1931
58014,Mayores de 19 anios,11881
58021,Entre 0 y 5 anios,220
58021,Entre 6 y 11 anios,316
58021,Entre 12 y 18 anios,273
58021,Mayores de 19 anios,1795
58028,Entre 0 y 5 anios,360
58028,Entre 6 y 11 anios,456
58028,Entre 12 y 18 anios,463
58028,Mayores de 19 anios,3476
58035,Entre 0 y 5 anios,34739
58035,Entre 6 y 11 anios,44946
58035,Entre 12 y 18 anios,43523
58035,Mayores de 19 anios,337804
58042,Entre 0 y 5 anios,1298
58042,Entre 6 y 11 anios,1819
58042,Entre 12 y 18 anios,1782
58042,Mayores de 19 anios,13128
58049,Entre 0 y 5 anios,1713
58049,Entre 6 y 11 anios,2147
58049,Entre 12 y 18 anios,2064
58049,Mayores de 19 anios,14637
58056,Entre 0 y 5 anios,2801
58056,Entre 6 y 11 anios,3767
58056,Entre 12 y 18 anios,3968
58056,Mayores de 19 anios,28488
58063,Entre 0 y 5 anios,675
58063,Entre 6 y 11 anios,811
58063,Entre 12 y 18 anios,739
58063,Mayores de 19 anios,5365
58070,Entre 0 y 5 anios,1136
58070,Entre 6 y 11 anios,1557
58070,Entre 12 y 18 anios,1617
58070,Mayores de 19 anios,11039
58077,Entre 0 y 5 anios,737
58077,Entre 6 y 11 anios,884
58077,Entre 12 y 18 anios,880
58077,Mayores de 19 anios,6638
58084,Entre 0 y 5 anios,440
58084,Entre 6 y 11 anios,563
58084,Entre 12 y 18 anios,535
58084,Mayores de 19 anios,3964
58091,Entre 0 y 5 anios,2678
58091,Entre 6 y 11 anios,3445
58091,Entre 12 y 18 anios,3451
58091,Mayores de 19 anios,19708
58098,Entre 0 y 5 anios,391
58098,Entre 6 y 11 anios,533
58098,Entre 12 y 18 anios,484
58098,Mayores de 19 anios,3620
58105,Entre 0 y 5 anios,721
58105,Entre 6 y 11 anios,952
58105,Entre 12 y 18 anios,818
58105,Mayores de 19 anios,5860
58112,Entre 0 y 5 anios,3426
58112,Entre 6 y 11 anios,4712
58112,Entre 12 y 18 anios,4658
58112,Mayores de 19 anios,32101
62007,Entre 0 y 5 anios,4517
62007,Entre 6 y 11 anios,6136
62007,Entre 12 y 18 anios,6104
62007,Mayores de 19 anios,46158
62014,Entre 0 y 5 anios,3407
62014,Entre 6 y 11 anios,4196
62014,Entre 12 y 18 anios,4238
62014,Mayores de 19 anios,28687
62021,Entre 0 y 5 anios,11266
62021,Entre 6 y 11 anios,14905
62021,Entre 12 y 18 anios,14258
62021,Mayores de 19 anios,118977
62028,Entre 0 y 5 anios,605
62028,Entre 6 y 11 anios,723
62028,Entre 12 y 18 anios,660
62028,Mayores de 19 anios,5323
62035,Entre 0 y 5 anios,545
62035,Entre 6 y 11 anios,780
62035,Entre 12 y 18 anios,699
62035,Mayores de 19 anios,4839
62042,Entre 0 y 5 anios,29296
62042,Entre 6 y 11 anios,37152
62042,Entre 12 y 18 anios,36202
62042,Mayores de 19 anios,271391
62049,Entre 0 y 5 anios,274
62049,Entre 6 y 11 anios,354
62049,Entre 12 y 18 anios,323
62049,Mayores de 19 anios,2679
62056,Entre 0 y 5 anios,113
62056,Entre 6 y 11 anios,125
62056,Entre 12 y 18 anios,123
62056,Mayores de 19 anios,1071
62063,Entre 0 y 5 anios,1344
62063,Entre 6 y 11 anios,1671
62063,Entre 12 y 18 anios,1500
62063,Mayores de 19 anios,11767
62070,Entre 0 y 5 anios,598
62070,Entre 6 y 11 anios,943
62070,Entre 12 y 18 anios,870
62070,Mayores de 19 anios,6783
62077,Entre 0 y 5 anios,2730
62077,Entre 6 y 11 anios,3609
62077,Entre 12 y 18 anios,3440
62077,Mayores de 19 anios,25161
62084,Entre 0 y 5 anios,337
62084,Entre 6 y 11 anios,395
62084,Entre 12 y 18 anios,359
62084,Mayores de 19 anios,3139
62091,Entre 0 y 5 anios,1353
62091,Entre 6 y 11 anios,1600
62091,Entre 12 y 18 anios,1647
62091,Mayores de 19 anios,11718
66007,Entre 0 y 5 anios,7052
66007,Entre 6 y 11 anios,8007
66007,Entre 12 y 18 anios,7857
66007,Mayores de 19 anios,45360
66014,Entre 0 y 5 anios,832
66014,Entre 6 y 11 anios,1080
66014,Entre 12 y 18 anios,896
66014,Mayores de 19 anios,5977
66021,Entre 0 y 5 anios,1430
66021,Entre 6 y 11 anios,2036
66021,Entre 12 y 18 anios,1948
66021,Mayores de 19 anios,12127
66028,Entre 0 y 5 anios,47812
66028,Entre 6 y 11 anios,61799
66028,Entre 12 y 18 anios,59313
66028,Mayores de 19 anios,444892
66035,Entre 0 y 5 anios,5342
66035,Entre 6 y 11 anios,6901
66035,Entre 12 y 18 anios,6214
66035,Mayores de 19 anios,36245
66042,Entre 0 y 5 anios,2069
66042,Entre 6 y 11 anios,2580
66042,Entre 12 y 18 anios,2595
66042,Mayores de 19 anios,17064
66049,Entre 0 y 5 anios,4858
66049,Entre 6 y 11 anios,5990
66049,Entre 12 y 18 anios,5543
66049,Mayores de 19 anios,38445
66056,Entre 0 y 5 anios,19509
66056,Entre 6 y 11 anios,22243
66056,Entre 12 y 18 anios,20973
66056,Mayores de 19 anios,111613
66063,Entre 0 y 5 anios,314
66063,Entre 6 y 11 anios,343
66063,Entre 12 y 18 anios,323
66063,Mayores de 19 anios,2442
66070,Entre 0 y 5 anios,676
66070,Entre 6 y 11 anios,777
66070,Entre 12 y 18 anios,820
66070,Mayores de 19 anios,3725
66077,Entre 0 y 5 anios,966
66077,Entre 6 y 11 anios,1219
66077,Entre 12 y 18 anios,1129
66077,Mayores de 19 anios,8774
66084,Entre 0 y 5 anios,596
66084,Entre 6 y 11 anios,775
66084,Entre 12 y 18 anios,743
66084,Mayores de 19 anios,4927
66091,Entre 0 y 5 anios,167
66091,Entre 6 y 11 anios,223
66091,Entre 12 y 18 anios,227
66091,Mayores de 19 anios,1128
66098,Entre 0 y 5 anios,760
66098,Entre 6 y 11 anios,953
66098,Entre 12 y 18 anios,923
66098,Mayores de 19 anios,6111
66105,Entre 0 y 5 anios,875
66105,Entre 6 y 11 anios,962
66105,Entre 12 y 18 anios,940
66105,Mayores de 19 anios,4254
66112,Entre 0 y 5 anios,4326
66112,Entre 6 y 11 anios,4909
66112,Entre 12 y 18 anios,4527
66112,Mayores de 19 anios,33519
66119,Entre 0 y 5 anios,516
66119,Entre 6 y 11 anios,716
66119,Entre 12 y 18 anios,715
66119,Mayores de 19 anios,3749
66126,Entre 0 y 5 anios,16651
66126,Entre 6 y 11 anios,19414
66126,Entre 12 y 18 anios,18614
66126,Mayores de 19 anios,102271
66133,Entre 0 y 5 anios,5048
66133,Entre 6 y 11 anios,5525
66133,Entre 12 y 18 anios,5043
66133,Mayores de 19 anios,21658
66140,Entre 0 y 5 anios,2966
66140,Entre 6 y 11 anios,3545
66140,Entre 12 y 18 anios,3349
66140,Mayores de 19 anios,23336
66147,Entre 0 y 5 anios,4735
66147,Entre 6 y 11 anios,5684
66147,Entre 12 y 18 anios,5260
66147,Mayores de 19 anios,34414
66154,Entre 0 y 5 anios,674
66154,Entre 6 y 11 anios,950
66154,Entre 12 y 18 anios,849
66154,Mayores de 19 anios,5191
66161,Entre 0 y 5 anios,909
66161,Entre 6 y 11 anios,1226
66161,Entre 12 y 18 anios,1265
66161,Mayores de 19 anios,5848
70007,Entre 0 y 5 anios,2958
70007,Entre 6 y 11 anios,3634
70007,Entre 12 y 18 anios,3606
70007,Mayores de 19 anios,20527
70014,Entre 0 y 5 anios,969
70014,Entre 6 y 11 anios,1181
70014,Entre 12 y 18 anios,1176
70014,Mayores de 19 anios,6659
70021,Entre 0 y 5 anios,1104
70021,Entre 6 y 11 anios,1255
70021,Entre 12 y 18 anios,1144
70021,Mayores de 19 anios,6971
70028,Entre 0 y 5 anios,7849
70028,Entre 6 y 11 anios,9115
70028,Entre 12 y 18 anios,9275
70028,Mayores de 19 anios,87133
70035,Entre 0 y 5 anios,4319
70035,Entre 6 y 11 anios,4835
70035,Entre 12 y 18 anios,5028
70035,Mayores de 19 anios,29033
70042,Entre 0 y 5 anios,9879
70042,Entre 6 y 11 anios,11599
70042,Entre 12 y 18 anios,11513
70042,Mayores de 19 anios,68930
70049,Entre 0 y 5 anios,819
70049,Entre 6 y 11 anios,945
70049,Entre 12 y 18 anios,892
70049,Mayores de 19 anios,6015
70056,Entre 0 y 5 anios,2155
70056,Entre 6 y 11 anios,2384
70056,Entre 12 y 18 anios,2390
70056,Mayores de 19 anios,17935
70063,Entre 0 y 5 anios,1295
70063,Entre 6 y 11 anios,1488
70063,Entre 12 y 18 anios,1356
70063,Mayores de 19 anios,8109
70070,Entre 0 y 5 anios,7282
70070,Entre 6 y 11 anios,8963
70070,Entre 12 y 18 anios,8679
70070,Mayores de 19 anios,46607
70077,Entre 0 y 5 anios,11959
70077,Entre 6 y 11 anios,14695
70077,Entre 12 y 18 anios,14045
70077,Mayores de 19 anios,93612
70084,Entre 0 y 5 anios,8399
70084,Entre 6 y 11 anios,10029
70084,Entre 12 y 18 anios,9662
70084,Mayores de 19 anios,71633
70091,Entre 0 y 5 anios,1586
70091,Entre 6 y 11 anios,1863
70091,Entre 12 y 18 anios,1744
70091,Mayores de 19 anios,9568
70098,Entre 0 y 5 anios,5620
70098,Entre 6 y 11 anios,6657
70098,Entre 12 y 18 anios,6415
70098,Mayores de 19 anios,43042
70105,Entre 0 y 5 anios,2876
70105,Entre 6 y 11 anios,3274
70105,Entre 12 y 18 anios,3361
70105,Mayores de 19 anios,17155
70112,Entre 0 y 5 anios,614
70112,Entre 6 y 11 anios,738
70112,Entre 12 y 18 anios,716
70112,Mayores de 19 anios,4272
70119,Entre 0 y 5 anios,772
70119,Entre 6 y 11 anios,825
70119,Entre 12 y 18 anios,793
70119,Mayores de 19 anios,5889
70126,Entre 0 y 5 anios,2294
70126,Entre 6 y 11 anios,2553
70126,Entre 12 y 18 anios,2679
70126,Mayores de 19 anios,12927
70133,Entre 0 y 5 anios,679
70133,Entre 6 y 11 anios,765
70133,Entre 12 y 18 anios,732
70133,Mayores de 19 anios,4385
74007,Entre 0 y 5 anios,2003
74007,Entre 6 y 11 anios,2327
74007,Entre 12 y 18 anios,2527
74007,Mayores de 19 anios,16409
74014,Entre 0 y 5 anios,444
74014,Entre 6 y 11 anios,561
74014,Entre 12 y 18 anios,542
74014,Mayores de 19 anios,3935
74021,Entre 0 y 5 anios,1180
74021,Entre 6 y 11 anios,1490
74021,Entre 12 y 18 anios,1601
74021,Mayores de 19 anios,11513
74028,Entre 0 y 5 anios,1946
74028,Entre 6 y 11 anios,2353
74028,Entre 12 y 18 anios,2526
74028,Mayores de 19 anios,19222
74035,Entre 0 y 5 anios,11922
74035,Entre 6 y 11 anios,14672
74035,Entre 12 y 18 anios,15310
74035,Mayores de 19 anios,104186
74042,Entre 0 y 5 anios,1283
74042,Entre 6 y 11 anios,1464
74042,Entre 12 y 18 anios,1539
74042,Mayores de 19 anios,9750
74049,Entre 0 y 5 anios,2825
74049,Entre 6 y 11 anios,3659
74049,Entre 12 y 18 anios,3927
74049,Mayores de 19 anios,29236
74056,Entre 0 y 5 anios,19681
74056,Entre 6 y 11 anios,24700
74056,Entre 12 y 18 anios,26753
74056,Mayores de 19 anios,185112
74063,Entre 0 y 5 anios,327
74063,Entre 6 y 11 anios,373
74063,Entre 12 y 18 anios,438
74063,Mayores de 19 anios,3475
78007,Entre 0 y 5 anios,1456
78007,Entre 6 y 11 anios,1663
78007,Entre 12 y 18 anios,1594
78007,Mayores de 19 anios,10133
78014,Entre 0 y 5 anios,10716
78014,Entre 6 y 11 anios,13790
78014,Entre 12 y 18 anios,13818
78014,Mayores de 19 anios,85926
78021,Entre 0 y 5 anios,10573
78021,Entre 6 y 11 anios,14016
78021,Entre 12 y 18 anios,14027
78021,Mayores de 19 anios,96613
78028,Entre 0 y 5 anios,2180
78028,Entre 6 y 11 anios,2815
78028,Entre 12 y 18 anios,2734
78028,Mayores de 19 anios,17296
78035,Entre 0 y 5 anios,1298
78035,Entre 6 y 11 anios,1375
78035,Entre 12 y 18 anios,1233
78035,Mayores de 19 anios,8496
78042,Entre 0 y 5 anios,1110
78042,Entre 6 y 11 anios,1489
78042,Entre 12 y 18 anios,1394
78042,Mayores de 19 anios,8655
78049,Entre 0 y 5 anios,585
78049,Entre 6 y 11 anios,744
78049,Entre 12 y 18 anios,671
78049,Mayores de 19 anios,4159
82007,Entre 0 y 5 anios,3597
82007,Entre 6 y 11 anios,4246
82007,Entre 12 y 18 anios,4258
82007,Mayores de 19 anios,35751
82014,Entre 0 y 5 anios,5966
82014,Entre 6 y 11 anios,7096
82014,Entre 12 y 18 anios,7118
82014,Mayores de 19 anios,64893
82021,Entre 0 y 5 anios,15092
82021,Entre 6 y 11 anios,17526
82021,Entre 12 y 18 anios,17655
82021,Mayores de 19 anios,136342
82028,Entre 0 y 5 anios,6793
82028,Entre 6 y 11 anios,8043
82028,Entre 12 y 18 anios,8382
82028,Mayores de 19 anios,68336
82035,Entre 0 y 5 anios,2349
82035,Entre 6 y 11 anios,2543
82035,Entre 12 y 18 anios,2176
82035,Mayores de 19 anios,17346
82042,Entre 0 y 5 anios,14884
82042,Entre 6 y 11 anios,17783
82042,Entre 12 y 18 anios,17600
82042,Mayores de 19 anios,147282
82049,Entre 0 y 5 anios,17202
82049,Entre 6 y 11 anios,19144
82049,Entre 12 y 18 anios,19061
82049,Mayores de 19 anios,138839
82056,Entre 0 y 5 anios,5742
82056,Entre 6 y 11 anios,6722
82056,Entre 12 y 18 anios,6193
82056,Mayores de 19 anios,53937
82063,Entre 0 y 5 anios,42937
82063,Entre 6 y 11 anios,51558
82063,Entre 12 y 18 anios,50536
82063,Mayores de 19 anios,413826
82070,Entre 0 y 5 anios,8519
82070,Entre 6 y 11 anios,10020
82070,Entre 12 y 18 anios,10105
82070,Mayores de 19 anios,84282
82077,Entre 0 y 5 anios,2720
82077,Entre 6 y 11 anios,3104
82077,Entre 12 y 18 anios,3269
82077,Mayores de 19 anios,21301
82084,Entre 0 y 5 anios,97904
82084,Entre 6 y 11 anios,117871
82084,Entre 12 y 18 anios,111338
82084,Mayores de 19 anios,991819
82091,Entre 0 y 5 anios,5906
82091,Entre 6 y 11 anios,7064
82091,Entre 12 y 18 anios,7015
82091,Mayores de 19 anios,51423
82098,Entre 0 y 5 anios,3076
82098,Entre 6 y 11 anios,3454
82098,Entre 12 y 18 anios,3007
82098,Mayores de 19 anios,23089
82105,Entre 0 y 5 anios,6707
82105,Entre 6 y 11 anios,7813
82105,Entre 12 y 18 anios,7524
82105,Mayores de 19 anios,61209
82112,Entre 0 y 5 anios,3766
82112,Entre 6 y 11 anios,4407
82112,Entre 12 y 18 anios,4310
82112,Mayores de 19 anios,33314
82119,Entre 0 y 5 anios,16356
82119,Entre 6 y 11 anios,19715
82119,Entre 12 y 18 anios,17952
82119,Mayores de 19 anios,136891
82126,Entre 0 y 5 anios,5177
82126,Entre 6 y 11 anios,6077
82126,Entre 12 y 18 anios,5988
82126,Mayores de 19 anios,49117
82133,Entre 0 y 5 anios,4985
82133,Entre 6 y 11 anios,5622
82133,Entre 12 y 18 anios,5549
82133,Mayores de 19 anios,38396
86007,Entre 0 y 5 anios,804
86007,Entre 6 y 11 anios,908
86007,Entre 12 y 18 anios,937
86007,Mayores de 19 anios,6150
86014,Entre 0 y 5 anios,2298
86014,Entre 6 y 11 anios,2442
86014,Entre 12 y 18 anios,2391
86014,Mayores de 19 anios,12583
86021,Entre 0 y 5 anios,1520
86021,Entre 6 y 11 anios,1820
86021,Entre 12 y 18 anios,1943
86021,Mayores de 19 anios,9326
86028,Entre 0 y 5 anios,2758
86028,Entre 6 y 11 anios,3000
86028,Entre 12 y 18 anios,3197
86028,Mayores de 19 anios,15946
86035,Entre 0 y 5 anios,16118
86035,Entre 6 y 11 anios,18598
86035,Entre 12 y 18 anios,17239
86035,Mayores de 19 anios,115573
86042,Entre 0 y 5 anios,1033
86042,Entre 6 y 11 anios,1115
86042,Entre 12 y 18 anios,1075
86042,Mayores de 19 anios,7409
86049,Entre 0 y 5 anios,26352
86049,Entre 6 y 11 anios,31921
86049,Entre 12 y 18 anios,30489
86049,Mayores de 19 anios,234864
86056,Entre 0 y 5 anios,3908
86056,Entre 6 y 11 anios,4205
86056,Entre 12 y 18 anios,4433
86056,Mayores de 19 anios,22412
86063,Entre 0 y 5 anios,3746
86063,Entre 6 y 11 anios,4467
86063,Entre 12 y 18 anios,4639
86063,Mayores de 19 anios,30150
86070,Entre 0 y 5 anios,2127
86070,Entre 6 y 11 anios,2373
86070,Entre 12 y 18 anios,2525
86070,Mayores de 19 anios,12845
86077,Entre 0 y 5 anios,4772
86077,Entre 6 y 11 anios,5109
86077,Entre 12 y 18 anios,5508
86077,Mayores de 19 anios,30096
86084,Entre 0 y 5 anios,900
86084,Entre 6 y 11 anios,929
86084,Entre 12 y 18 anios,952
86084,Mayores de 19 anios,6315
86091,Entre 0 y 5 anios,1847
86091,Entre 6 y 11 anios,1990
86091,Entre 12 y 18 anios,2101
86091,Mayores de 19 anios,12344
86098,Entre 0 y 5 anios,2152
86098,Entre 6 y 11 anios,2575
86098,Entre 12 y 18 anios,2628
86098,Mayores de 19 anios,12826
86105,Entre 0 y 5 anios,2243
86105,Entre 6 y 11 anios,2577
86105,Entre 12 y 18 anios,2659
86105,Mayores de 19 anios,16192
86112,Entre 0 y 5 anios,112
86112,Entre 6 y 11 anios,120
86112,Entre 12 y 18 anios,159
86112,Mayores de 19 anios,1025
86119,Entre 0 y 5 anios,4608
86119,Entre 6 y 11 anios,4781
86119,Entre 12 y 18 anios,5233
86119,Mayores de 19 anios,24931
86126,Entre 0 y 5 anios,1392
86126,Entre 6 y 11 anios,1482
86126,Entre 12 y 18 anios,1570
86126,Mayores de 19 anios,10269
86133,Entre 0 y 5 anios,2632
86133,Entre 6 y 11 anios,3051
86133,Entre 12 y 18 anios,3044
86133,Mayores de 19 anios,16990
86140,Entre 0 y 5 anios,1286
86140,Entre 6 y 11 anios,1334
86140,Entre 12 y 18 anios,1347
86140,Mayores de 19 anios,8141
86147,Entre 0 y 5 anios,6377
86147,Entre 6 y 11 anios,7369
86147,Entre 12 y 18 anios,6937
86147,Mayores de 19 anios,44835
86154,Entre 0 y 5 anios,487
86154,Entre 6 y 11 anios,561
86154,Entre 12 y 18 anios,533
86154,Mayores de 19 anios,3639
86161,Entre 0 y 5 anios,5435
86161,Entre 6 y 11 anios,6060
86161,Entre 12 y 18 anios,6126
86161,Mayores de 19 anios,35289
86168,Entre 0 y 5 anios,1294
86168,Entre 6 y 11 anios,1443
86168,Entre 12 y 18 anios,1694
86168,Mayores de 19 anios,8081
86175,Entre 0 y 5 anios,1183
86175,Entre 6 y 11 anios,1345
86175,Entre 12 y 18 anios,1495
86175,Mayores de 19 anios,6918
86182,Entre 0 y 5 anios,533
86182,Entre 6 y 11 anios,630
86182,Entre 12 y 18 anios,593
86182,Mayores de 19 anios,3155
86189,Entre 0 y 5 anios,861
86189,Entre 6 y 11 anios,1008
86189,Entre 12 y 18 anios,1059
86189,Mayores de 19 anios,6656
90007,Entre 0 y 5 anios,4330
90007,Entre 6 y 11 anios,5233
90007,Entre 12 y 18 anios,4933
90007,Mayores de 19 anios,30153
90014,Entre 0 y 5 anios,21071
90014,Entre 6 y 11 anios,25245
90014,Entre 12 y 18 anios,23969
90014,Mayores de 19 anios,153360
90021,Entre 0 y 5 anios,7651
90021,Entre 6 y 11 anios,9110
90021,Entre 12 y 18 anios,9000
90021,Mayores de 19 anios,64961
90028,Entre 0 y 5 anios,4239
90028,Entre 6 y 11 anios,4753
90028,Entre 12 y 18 anios,4570
90028,Mayores de 19 anios,28334
90035,Entre 0 y 5 anios,1434
90035,Entre 6 y 11 anios,1629
90035,Entre 12 y 18 anios,1578
90035,Mayores de 19 anios,10612
90042,Entre 0 y 5 anios,2908
90042,Entre 6 y 11 anios,3478
90042,Entre 12 y 18 anios,3547
90042,Mayores de 19 anios,24251
90049,Entre 0 y 5 anios,1894
90049,Entre 6 y 11 anios,2167
90049,Entre 12 y 18 anios,2302
90049,Mayores de 19 anios,14463
90056,Entre 0 y 5 anios,5678
90056,Entre 6 y 11 anios,6760
90056,Entre 12 y 18 anios,6775
90056,Mayores de 19 anios,46066
90063,Entre 0 y 5 anios,8542
90063,Entre 6 y 11 anios,10920
90063,Entre 12 y 18 anios,10146
90063,Mayores de 19 anios,62277
90070,Entre 0 y 5 anios,6523
90070,Entre 6 y 11 anios,7986
90070,Entre 12 y 18 anios,7855
90070,Mayores de 19 anios,53756
90077,Entre 0 y 5 anios,5525
90077,Entre 6 y 11 anios,6593
90077,Entre 12 y 18 anios,6541
90077,Mayores de 19 anios,45179
90084,Entre 0 y 5 anios,44089
90084,Entre 6 y 11 anios,51884
90084,Entre 12 y 18 anios,50203
90084,Mayores de 19 anios,432260
90091,Entre 0 y 5 anios,3132
90091,Entre 6 y 11 anios,3784
90091,Entre 12 y 18 anios,3652
90091,Mayores de 19 anios,25796
90098,Entre 0 y 5 anios,1828
90098,Entre 6 y 11 anios,2270
90098,Entre 12 y 18 anios,2092
90098,Mayores de 19 anios,15813
90105,Entre 0 y 5 anios,15052
90105,Entre 6 y 11 anios,18682
90105,Entre 12 y 18 anios,17835
90105,Mayores de 19 anios,118252
90112,Entre 0 y 5 anios,2185
90112,Entre 6 y 11 anios,2451
90112,Entre 12 y 18 anios,2433
90112,Mayores de 19 anios,15921
90119,Entre 0 y 5 anios,8420
90119,Entre 6 y 11 anios,10227
90119,Entre 12 y 18 anios,9933
90119,Mayores de 19 anios,72273
94007,Entre 0 y 5 anios,8087
94007,Entre 6 y 11 anios,10167
94007,Entre 12 y 18 anios,9942
94007,Mayores de 19 anios,69240
94011,Entre 0 y 5 anios,581
94011,Entre 6 y 11 anios,715
94011,Entre 12 y 18 anios,660
94011,Mayores de 19 anios,3952
94014,Entre 0 y 5 anios,6135
94014,Entre 6 y 11 anios,7604
94014,Entre 12 y 18 anios,7531
94014,Mayores de 19 anios,57766
